tests_terraform_checks_data_aws_example_AdminPolicyDocument_main.tf,CKV_AWS_356
tests_terraform_checks_data_aws_example_CloudSplainingCredentialsExposure_main.tf,CKV_AWS_111
tests_terraform_checks_data_aws_example_CloudSplainingDataExfiltration_main.tf,CKV_AWS_111
tests_terraform_checks_data_aws_example_CloudSplainingPrivilegeEscalation_main.tf,CKV_AWS_111
tests_terraform_checks_data_aws_example_CloudsplainingIAMWrite_main.tf,CKV_AWS_108
tests_terraform_checks_data_aws_example_CloudsplainingPermissionsManagement_main.tf,CKV_AWS_107
tests_terraform_checks_data_aws_example_GithubActionsOIDCTrustPolicy_main.tf,CKV_AWS_111
tests_terraform_checks_data_aws_example_IAMManagedAdminPolicy_IAMManagedAdminPolicy.tf,CKV_AWS_275
tests_terraform_checks_data_aws_example_IAMPublicActionsPolicy_public_actions.tf,CKV_AWS_283
tests_terraform_checks_data_aws_example_ModuleProvider_example_main.tf,CKV2_AWS_61
tests_terraform_checks_data_aws_example_ResourcePolicyDocument_main.tf,CKV_AWS_356
tests_terraform_checks_data_aws_example_StarActionPolicyDocument_main.tf,CKV_AWS_49
tests_terraform_checks_data_aws_example_module_with_one_provider_example_main.tf,CKV2_AWS_61
tests_terraform_checks_data_aws_example_provider_edge_case_main.tf,CKV_AWS_186
tests_terraform_checks_data_aws_example_provider_edge_case_nesting_2_main.tf,CKV_AWS_186
tests_terraform_checks_data_aws_example_provider_edge_case_nesting_main.tf,CKV_AWS_186
tests_terraform_checks_data_aws_example_provider_edge_case_nesting_nesting_l2_2_main.tf,CKV_AWS_186
tests_terraform_checks_data_aws_example_provider_edge_case_nesting_nesting_l2_main.tf,CKV_AWS_186
tests_terraform_checks_data_aws_example_provider_with_nested_module_assign_provider_example_example2_main.tf,CKV2_AWS_61
tests_terraform_checks_data_aws_example_provider_with_nested_module_example_example2_main.tf,CKV2_AWS_61
tests_terraform_checks_data_aws_example_provider_without_module_main.tf,CKV2_AWS_61
tests_terraform_checks_example_WildcardEntities_main.tf,CKV_AWS_9
tests_terraform_checks_resource_aws_example_ACMCertCreateBeforeDestroy_main.tf,CKV_AWS_233
tests_terraform_checks_resource_aws_example_ACMCertSetLoggingPreference_main.tf,CKV_AWS_233
tests_terraform_checks_resource_aws_example_ALBDesyncMode_main.tf,CKV_AWS_150
tests_terraform_checks_resource_aws_example_ALBDropHttpHeaders_main.tf,CKV_AWS_150
tests_terraform_checks_resource_aws_example_AMICopyIsEncrypted_main.tf,CKV_AWS_235
tests_terraform_checks_resource_aws_example_AMICopyUsesCMK_main.tf,CKV_AWS_235
tests_terraform_checks_resource_aws_example_AMIEncryption_main.tf,CKV_AWS_204
tests_terraform_checks_resource_aws_example_AMILaunchIsShared_main.tf,CKV_AWS_205
tests_terraform_checks_resource_aws_example_APIGatewayCacheEnable_main.tf,CKV_AWS_73
tests_terraform_checks_resource_aws_example_APIGatewayCreateBeforeDestroy_main.tf,CKV_AWS_237
tests_terraform_checks_resource_aws_example_APIGatewayDeploymentCreateBeforeDestroy_main.tf,CKV_AWS_217
tests_terraform_checks_resource_aws_example_APIGatewayDomainNameTLS_main.tf,CKV_AWS_206
tests_terraform_checks_resource_aws_example_APIGatewayMethodSettingsCacheEnabled_main.tf,CKV_AWS_225
tests_terraform_checks_resource_aws_example_APIGatewayMethodSettingsCacheEncrypted_main.tf,CKV_AWS_308
tests_terraform_checks_resource_aws_example_APIGatewayMethodSettingsDataTrace_main.tf,CKV_AWS_276
tests_terraform_checks_resource_aws_example_APIGatewayV2RouteDefinesAuthorizationType_main.tf,CKV_AWS_309
tests_terraform_checks_resource_aws_example_AppFlowConnectorProfileUsesCMK_main.tf,CKV_AWS_264
tests_terraform_checks_resource_aws_example_AppFlowUsesCMK_main.tf,CKV_AWS_263
tests_terraform_checks_resource_aws_example_AppSyncFieldLevelLogs_main.tf,CKV_AWS_194
tests_terraform_checks_resource_aws_example_AppSyncLogging_main.tf,CKV_AWS_194
tests_terraform_checks_resource_aws_example_AppsyncAPICacheEncryptionAtRest_main.tf,CKV_AWS_215
tests_terraform_checks_resource_aws_example_AppsyncAPICacheEncryptionInTransit_main.tf,CKV_AWS_215
tests_terraform_checks_resource_aws_example_AthenaWorkgroupEncryption_main.tf,CKV_AWS_159
tests_terraform_checks_resource_aws_example_AutoScalingGroupWithPublicAccess_main.tf,CKV_AWS_79
tests_terraform_checks_resource_aws_example_AutoScalingLaunchTemplate_main.tf,CKV_AWS_153
tests_terraform_checks_resource_aws_example_AutoScalingTagging_main.tf,CKV_AWS_315
tests_terraform_checks_resource_aws_example_BackupVaultEncrypted_main.tf,CKV_AWS_166
tests_terraform_checks_resource_aws_example_BatchJobIsNotPrivileged_main.tf,CKV_AWS_210
tests_terraform_checks_resource_aws_example_CloudFrontGeoRestrictionDisabled_main.tf,CKV_AWS_34
tests_terraform_checks_resource_aws_example_CloudFrontResponseHeaderStrictTransportSecurity_main.tf,CKV_AWS_259
tests_terraform_checks_resource_aws_example_CloudWatchAlarmsEnabled_main.tf,CKV_AWS_319
tests_terraform_checks_resource_aws_example_CloudWatchLogGroupKMSKey_main.tf,CKV_AWS_338
tests_terraform_checks_resource_aws_example_CloudWatchLogGroupRetentionYear_main.tf,CKV_AWS_158
tests_terraform_checks_resource_aws_example_CloudWatchLogGroupRetention_main.tf,CKV_AWS_338
tests_terraform_checks_resource_aws_example_CloudfrontDistributionDefaultRoot_main.tf,CKV_AWS_34
tests_terraform_checks_resource_aws_example_CloudfrontDistributionEnabled_main.tf,CKV_AWS_34
tests_terraform_checks_resource_aws_example_CloudfrontDistributionOriginFailover_main.tf,CKV_AWS_216
tests_terraform_checks_resource_aws_example_CloudfrontTLS12_main.tf,CKV_AWS_34
tests_terraform_checks_resource_aws_example_CloudsearchDomainEnforceHttps_main.tf,CKV_AWS_218
tests_terraform_checks_resource_aws_example_CloudsearchDomainTLS_main.tf,CKV_AWS_218
tests_terraform_checks_resource_aws_example_CloudtrailDefinesSNSTopic_main.tf,CKV_AWS_252
tests_terraform_checks_resource_aws_example_CloudtrailEnableLogging_main.tf,CKV_AWS_252
tests_terraform_checks_resource_aws_example_CloudtrailEncryptedWithCMK_aws_cloudtrail.tf,CKV_AWS_252
tests_terraform_checks_resource_aws_example_CloudtrailEventDataStoreUsesCMK_main.tf,CKV_AWS_294
tests_terraform_checks_resource_aws_example_CodeArtifactDomainEncryptedWithCMK_main.tf,CKV_AWS_221
tests_terraform_checks_resource_aws_example_CodeBuildPrivilegedMode_main.tf,CKV_AWS_314
tests_terraform_checks_resource_aws_example_CodeBuildProjectEncryption_main.tf,CKV_AWS_314
tests_terraform_checks_resource_aws_example_CodePipelineArtifactsEncrypted_main.tf,CKV_AWS_219
tests_terraform_checks_resource_aws_example_CodebuildHasLogs_main.tf,CKV_AWS_314
tests_terraform_checks_resource_aws_example_CodebuildS3LogsEncrypted_main.tf,CKV_AWS_311
tests_terraform_checks_resource_aws_example_CodebuildUsesCMK_main.tf,CKV_AWS_314
tests_terraform_checks_resource_aws_example_CodecommitApprovalsRulesRequireMin2_main.tf,CKV_AWS_257
tests_terraform_checks_resource_aws_example_ComprehendEntityRecognizerModelUsesCMK_main.tf,CKV_AWS_268
tests_terraform_checks_resource_aws_example_ComprehendEntityRecognizerVolumeUsesCMK_main.tf,CKV_AWS_267
tests_terraform_checks_resource_aws_example_ConnectInstanceKinesisVideoStreamStorageConfigUsesCMK_main.tf,CKV_AWS_270
tests_terraform_checks_resource_aws_example_ConnectInstanceS3StorageConfigUsesCMK_main.tf,CKV_AWS_269
tests_terraform_checks_resource_aws_example_DAXEncryption_main.tf,CKV_AWS_239
tests_terraform_checks_resource_aws_example_DAXEndpointTLS_main.tf,CKV_AWS_239
tests_terraform_checks_resource_aws_example_DBInstanceBackupRetentionPeriod_main.tf,CKV_AWS_313
tests_terraform_checks_resource_aws_example_DBInstanceLogging_main.tf,CKV_AWS_161
tests_terraform_checks_resource_aws_example_DBInstanceMinorUpgrade_main.tf,CKV_AWS_354
tests_terraform_checks_resource_aws_example_DBSnapshotCopyUsesCMK_main.tf,CKV_AWS_266
tests_terraform_checks_resource_aws_example_DBSnapshotsArePrivate_main.tf,CKV_AWS_302
tests_terraform_checks_resource_aws_example_DLMEventsCrossRegionEncryptionWithCMK_main.tf,CKV_AWS_254
tests_terraform_checks_resource_aws_example_DLMEventsCrossRegionEncryption_main.tf,CKV_AWS_254
tests_terraform_checks_resource_aws_example_DLMScheduleCrossRegionEncryptionWithCMK_main.tf,CKV_AWS_256
tests_terraform_checks_resource_aws_example_DLMScheduleCrossRegionEncryption_main.tf,CKV_AWS_256
tests_terraform_checks_resource_aws_example_DMSEndpointUsesCMK_main.tf,CKV_AWS_296
tests_terraform_checks_resource_aws_example_DMSReplicationInstanceEncryptedWithCMK_main.tf,CKV_AWS_89
tests_terraform_checks_resource_aws_example_DMSReplicationInstanceMinorUpgrade_main.tf,CKV_AWS_89
tests_terraform_checks_resource_aws_example_DMSS3UsesCMK_main.tf,CKV_AWS_298
tests_terraform_checks_resource_aws_example_DatasyncLocationExposesSecrets_main.tf,CKV_AWS_295
tests_terraform_checks_resource_aws_example_DeprecatedLambdaRuntime_main.tf,CKV_AWS_50
tests_terraform_checks_resource_aws_example_DocDBBackupRetention_main.tf,CKV_AWS_74
tests_terraform_checks_resource_aws_example_DocDBEncryptedWithCMK_aws_docdb_cluster.tf,CKV_AWS_85
tests_terraform_checks_resource_aws_example_DocDBGlobalClusterEncryption_main.tf,CKV_AWS_292
tests_terraform_checks_resource_aws_example_DocDBLogging_main.tf,CKV_AWS_74
tests_terraform_checks_resource_aws_example_DynamoDBTableReplicaKMSUsesCMK_main.tf,CKV_AWS_271
tests_terraform_checks_resource_aws_example_DynamoDBTablesEncrypted_main.tf,CKV_AWS_28
tests_terraform_checks_resource_aws_example_EBSDefaultEncryption_main.tf,CKV_AWS_106
tests_terraform_checks_resource_aws_example_EBSEncryption_aws_ebs_volume.tf,CKV_AWS_189
tests_terraform_checks_resource_aws_example_EBSSnapshotCopyEncryptedWithCMK_aws_ebs_snapshot_copy.tf,CKV_AWS_183
tests_terraform_checks_resource_aws_example_EBSVolumeEncryptedWithCMK_aws_ebs_volume.tf,CKV_AWS_189
tests_terraform_checks_resource_aws_example_EC2Credentials_main.tf,CKV_AWS_79
tests_terraform_checks_resource_aws_example_EC2PublicIP_foreach_module_main.tf,CKV_AWS_79
tests_terraform_checks_resource_aws_example_EC2PublicIP_main.tf,CKV_AWS_79
tests_terraform_checks_resource_aws_example_ECRImmutableTags_main.tf,CKV_AWS_163
tests_terraform_checks_resource_aws_example_ECRPolicy_main.tf,CKV_AWS_163
tests_terraform_checks_resource_aws_example_ECSClusterLoggingEnabled_main.tf,CKV_AWS_65
tests_terraform_checks_resource_aws_example_ECSClusterLoggingEncryptedWithCMK_main.tf,CKV_AWS_65
tests_terraform_checks_resource_aws_example_ECSContainerHostProcess_main.tf,CKV_AWS_336
tests_terraform_checks_resource_aws_example_ECSContainerPrivilege_main.tf,CKV_AWS_336
tests_terraform_checks_resource_aws_example_ECSContainerReadOnlyRoot_main.tf,CKV_AWS_336
tests_terraform_checks_resource_aws_example_ECSServiceFargateLatest_main.tf,CKV_AWS_332
tests_terraform_checks_resource_aws_example_ECSServicePublicIP_main.tf,CKV_AWS_333
tests_terraform_checks_resource_aws_example_ECSTaskDefinitionRoleCheck_main.tf,CKV_AWS_336
tests_terraform_checks_resource_aws_example_EFSAccessPointRoot_main.tf,CKV_AWS_330
tests_terraform_checks_resource_aws_example_EFSAccessUserIdentity_main.tf,CKV_AWS_330
tests_terraform_checks_resource_aws_example_EFSEncryptionEnabled_main.tf,CKV_AWS_184
tests_terraform_checks_resource_aws_example_EFSFileSystemEncryptedWithCMK_aws_efs_file_system.tf,CKV_AWS_184
tests_terraform_checks_resource_aws_example_EKSControlPlaneLogging_main.tf,CKV_AWS_39
tests_terraform_checks_resource_aws_example_EKSPlatformVersion_main.tf,CKV_AWS_39
tests_terraform_checks_resource_aws_example_EKSPublicAccessCIDR_main.tf,CKV_AWS_58
tests_terraform_checks_resource_aws_example_EKSPublicAccess_main.tf,CKV_AWS_58
tests_terraform_checks_resource_aws_example_ELBPolicyUsesSecureProtocols_main.tf,CKV_AWS_213
tests_terraform_checks_resource_aws_example_ELBv2AccessLogs_main.tf,CKV_AWS_152
tests_terraform_checks_resource_aws_example_ELBwListenerNotTLSSSL_main.tf,CKV_AWS_127
tests_terraform_checks_resource_aws_example_EMRClusterConfEncryptsEBS_main.tf,CKV_AWS_351
tests_terraform_checks_resource_aws_example_EMRClusterConfEncryptsInTransit_main.tf,CKV_AWS_171
tests_terraform_checks_resource_aws_example_EMRClusterConfEncryptsLocalDisk_main.tf,CKV_AWS_351
tests_terraform_checks_resource_aws_example_EMRClusterIsEncryptedKMS_main.tf,CKV_AWS_351
tests_terraform_checks_resource_aws_example_Ec2TransitGatewayAutoAccept_main.tf,CKV_AWS_331
tests_terraform_checks_resource_aws_example_ElastiCacheHasCustomSubnet_main.tf,CKV_AWS_134
tests_terraform_checks_resource_aws_example_ElasticBeanstalkUseEnhancedHealthChecks_main.tf,CKV_AWS_340
tests_terraform_checks_resource_aws_example_ElasticBeanstalkUseManagedUpdates_main.tf,CKV_AWS_340
tests_terraform_checks_resource_aws_example_ElasticCacheAutomaticBackup_main.tf,CKV_AWS_323
tests_terraform_checks_resource_aws_example_ElasticCacheAutomaticMinorUpgrades_main.tf,CKV_AWS_323
tests_terraform_checks_resource_aws_example_ElasticacheHasSecurityGroup_main.tf,CKV_AWS_196
