prompt,file,n_findings,chars,has_hcl,corruption,seconds,error
p1_minimal,tests_terraform_checks_data_aws_example_CloudSplainingCredentialsExposure_main.tf,7,6222,False,0,21.8,
p1_minimal,tests_terraform_checks_data_aws_example_module_with_one_provider_example_main.tf,7,8177,True,0,19.3,
p1_minimal,tests_terraform_checks_data_aws_example_provider_with_nested_module_assign_provider_example_example2_main.tf,7,6596,True,0,21.7,
p1_minimal,tests_terraform_checks_data_aws_example_provider_without_module_main.tf,14,8074,True,0,27.4,
p1_minimal,tests_terraform_checks_example_WildcardEntities_main.tf,9,8027,True,0,25.1,
p1_minimal,tests_terraform_checks_resource_aws_example_APIGatewayCacheEnable_main.tf,11,7898,True,0,16.7,
p1_minimal,tests_terraform_checks_resource_aws_example_APIGatewayCreateBeforeDestroy_main.tf,2,2314,True,0,6.2,
p1_minimal,tests_terraform_checks_resource_aws_example_APIGatewayMethodSettingsDataTrace_main.tf,7,3738,True,0,18.3,
p1_minimal,tests_terraform_checks_resource_aws_example_AppFlowUsesCMK_main.tf,1,2563,True,0,7.4,
p1_minimal,tests_terraform_checks_resource_aws_example_BatchJobIsNotPrivileged_main.tf,1,2465,True,0,12.7,
p1_minimal,tests_terraform_checks_resource_aws_example_CloudWatchLogGroupKMSKey_main.tf,3,3127,True,0,12.0,
p1_minimal,tests_terraform_checks_resource_aws_example_CloudWatchLogGroupRetentionYear_main.tf,5,3146,True,0,12.3,
p1_minimal,tests_terraform_checks_resource_aws_example_CloudfrontDistributionDefaultRoot_main.tf,15,7106,True,0,26.5,
p1_minimal,tests_terraform_checks_resource_aws_example_CloudfrontDistributionOriginFailover_main.tf,33,7772,True,0,32.9,
p1_minimal,tests_terraform_checks_resource_aws_example_ConnectInstanceKinesisVideoStreamStorageConfigUsesCMK_main.tf,3,2715,True,0,13.2,
p1_minimal,tests_terraform_checks_resource_aws_example_DBSnapshotCopyUsesCMK_main.tf,1,1427,True,0,7.4,
p1_minimal,tests_terraform_checks_resource_aws_example_DLMEventsCrossRegionEncryptionWithCMK_main.tf,3,3558,True,0,15.9,
p1_minimal,tests_terraform_checks_resource_aws_example_DMSReplicationInstanceEncryptedWithCMK_main.tf,5,5209,True,0,16.9,
p1_minimal,tests_terraform_checks_resource_aws_example_DynamoDBTablesEncrypted_main.tf,11,5415,True,0,17.3,
p1_minimal,tests_terraform_checks_resource_aws_example_EBSDefaultEncryption_main.tf,1,1947,True,0,9.1,
p1_minimal,tests_terraform_checks_resource_aws_example_EBSEncryption_aws_ebs_volume.tf,5,2335,True,0,16.9,
p1_minimal,tests_terraform_checks_resource_aws_example_ECRPolicy_main.tf,17,5495,True,0,22.3,
p1_minimal,tests_terraform_checks_resource_aws_example_ECSContainerReadOnlyRoot_main.tf,4,4193,False,0,26.3,
p1_minimal,tests_terraform_checks_resource_aws_example_EFSFileSystemEncryptedWithCMK_aws_efs_file_system.tf,1,2596,True,0,7.6,
p1_minimal,tests_terraform_checks_resource_aws_example_EKSPublicAccess_main.tf,10,4780,True,0,17.6,
p1_minimal,tests_terraform_checks_resource_aws_example_EMRClusterConfEncryptsLocalDisk_main.tf,10,3613,False,0,22.6,
p1_minimal,tests_terraform_checks_resource_aws_example_ElastiCacheHasCustomSubnet_main.tf,2,2304,False,0,7.3,
p1_minimal,tests_terraform_checks_resource_aws_example_ElasticBeanstalkUseEnhancedHealthChecks_main.tf,10,5532,True,0,25.0,
p1_minimal,tests_terraform_checks_resource_aws_example_ElasticCacheAutomaticMinorUpgrades_main.tf,7,4269,True,0,16.6,
p1_minimal,tests_terraform_checks_resource_aws_example_ElasticacheHasSecurityGroup_main.tf,4,3851,True,0,19.8,
p7_grounded,tests_terraform_checks_data_aws_example_CloudSplainingCredentialsExposure_main.tf,7,5110,False,0,41.4,
p7_grounded,tests_terraform_checks_data_aws_example_module_with_one_provider_example_main.tf,7,2890,True,0,11.3,
p7_grounded,tests_terraform_checks_data_aws_example_provider_with_nested_module_assign_provider_example_example2_main.tf,7,1976,True,0,10.6,
p7_grounded,tests_terraform_checks_data_aws_example_provider_without_module_main.tf,14,3246,False,0,12.0,
p7_grounded,tests_terraform_checks_example_WildcardEntities_main.tf,9,3301,True,0,19.6,
p7_grounded,tests_terraform_checks_resource_aws_example_APIGatewayCacheEnable_main.tf,11,3503,True,0,27.8,
p7_grounded,tests_terraform_checks_resource_aws_example_APIGatewayCreateBeforeDestroy_main.tf,2,2059,True,0,8.1,
p7_grounded,tests_terraform_checks_resource_aws_example_APIGatewayMethodSettingsDataTrace_main.tf,7,3577,True,0,24.8,
p7_grounded,tests_terraform_checks_resource_aws_example_AppFlowUsesCMK_main.tf,1,760,False,0,6.3,
p7_grounded,tests_terraform_checks_resource_aws_example_BatchJobIsNotPrivileged_main.tf,1,1191,False,0,8.3,
p7_grounded,tests_terraform_checks_resource_aws_example_CloudWatchLogGroupKMSKey_main.tf,3,1831,False,0,9.9,
p7_grounded,tests_terraform_checks_resource_aws_example_CloudWatchLogGroupRetentionYear_main.tf,5,2586,True,0,16.3,
p7_grounded,tests_terraform_checks_resource_aws_example_CloudfrontDistributionDefaultRoot_main.tf,15,7543,False,0,49.5,
p7_grounded,tests_terraform_checks_resource_aws_example_CloudfrontDistributionOriginFailover_main.tf,33,7978,False,0,49.3,
p7_grounded,tests_terraform_checks_resource_aws_example_ConnectInstanceKinesisVideoStreamStorageConfigUsesCMK_main.tf,3,3273,False,0,16.9,
p7_grounded,tests_terraform_checks_resource_aws_example_DBSnapshotCopyUsesCMK_main.tf,1,2405,True,0,12.1,
p7_grounded,tests_terraform_checks_resource_aws_example_DLMEventsCrossRegionEncryptionWithCMK_main.tf,3,2527,False,0,20.4,
p7_grounded,tests_terraform_checks_resource_aws_example_DMSReplicationInstanceEncryptedWithCMK_main.tf,5,3742,False,0,19.3,
p7_grounded,tests_terraform_checks_resource_aws_example_DynamoDBTablesEncrypted_main.tf,11,3969,False,0,18.3,
p7_grounded,tests_terraform_checks_resource_aws_example_EBSDefaultEncryption_main.tf,1,1645,True,0,11.6,
p7_grounded,tests_terraform_checks_resource_aws_example_EBSEncryption_aws_ebs_volume.tf,5,2425,False,0,15.7,
p7_grounded,tests_terraform_checks_resource_aws_example_ECRPolicy_main.tf,17,4832,True,0,29.9,
p7_grounded,tests_terraform_checks_resource_aws_example_ECSContainerReadOnlyRoot_main.tf,4,3040,False,0,26.4,
p7_grounded,tests_terraform_checks_resource_aws_example_EFSFileSystemEncryptedWithCMK_aws_efs_file_system.tf,1,1140,True,0,5.5,
p7_grounded,tests_terraform_checks_resource_aws_example_EKSPublicAccess_main.tf,10,3509,True,0,26.0,
p7_grounded,tests_terraform_checks_resource_aws_example_EMRClusterConfEncryptsLocalDisk_main.tf,10,4297,False,0,26.1,
p7_grounded,tests_terraform_checks_resource_aws_example_ElastiCacheHasCustomSubnet_main.tf,2,2065,False,0,14.1,
p7_grounded,tests_terraform_checks_resource_aws_example_ElasticBeanstalkUseEnhancedHealthChecks_main.tf,10,4455,False,0,30.8,
p7_grounded,tests_terraform_checks_resource_aws_example_ElasticCacheAutomaticMinorUpgrades_main.tf,7,2762,False,0,14.9,
p7_grounded,tests_terraform_checks_resource_aws_example_ElasticacheHasSecurityGroup_main.tf,4,4550,True,0,25.2,
p2_cot,tests_terraform_checks_data_aws_example_CloudSplainingCredentialsExposure_main.tf,7,5566,False,0,23.9,
p2_cot,tests_terraform_checks_data_aws_example_module_with_one_provider_example_main.tf,7,11246,True,0,39.3,
p2_cot,tests_terraform_checks_data_aws_example_provider_with_nested_module_assign_provider_example_example2_main.tf,7,8949,True,0,26.3,
p2_cot,tests_terraform_checks_data_aws_example_provider_without_module_main.tf,14,13925,True,0,37.3,
p2_cot,tests_terraform_checks_example_WildcardEntities_main.tf,9,10353,True,0,37.7,
p2_cot,tests_terraform_checks_resource_aws_example_APIGatewayCacheEnable_main.tf,11,7411,True,0,28.2,
p2_cot,tests_terraform_checks_resource_aws_example_APIGatewayCreateBeforeDestroy_main.tf,2,3210,True,0,12.2,
p2_cot,tests_terraform_checks_resource_aws_example_APIGatewayMethodSettingsDataTrace_main.tf,7,6738,True,0,21.7,
p2_cot,tests_terraform_checks_resource_aws_example_AppFlowUsesCMK_main.tf,1,2609,True,0,11.1,
p2_cot,tests_terraform_checks_resource_aws_example_BatchJobIsNotPrivileged_main.tf,1,2489,True,0,21.3,
p2_cot,tests_terraform_checks_resource_aws_example_CloudWatchLogGroupKMSKey_main.tf,3,2616,True,0,14.2,
p2_cot,tests_terraform_checks_resource_aws_example_CloudWatchLogGroupRetentionYear_main.tf,5,5002,True,0,24.6,
p2_cot,tests_terraform_checks_resource_aws_example_CloudfrontDistributionDefaultRoot_main.tf,15,6567,True,0,29.8,
p2_cot,tests_terraform_checks_resource_aws_example_CloudfrontDistributionOriginFailover_main.tf,33,10966,True,0,35.7,
p2_cot,tests_terraform_checks_resource_aws_example_ConnectInstanceKinesisVideoStreamStorageConfigUsesCMK_main.tf,3,0,,,178.3,cannot reach Ollama at http://localhost:11434/api/generate: HTTP Error 502: Bad Gateway
p2_cot,tests_terraform_checks_resource_aws_example_DBSnapshotCopyUsesCMK_main.tf,1,2520,True,0,12.1,
p2_cot,tests_terraform_checks_resource_aws_example_DLMEventsCrossRegionEncryptionWithCMK_main.tf,3,4111,True,0,14.3,
p2_cot,tests_terraform_checks_resource_aws_example_DMSReplicationInstanceEncryptedWithCMK_main.tf,5,5326,True,0,19.1,
p2_cot,tests_terraform_checks_resource_aws_example_DynamoDBTablesEncrypted_main.tf,11,8355,True,0,28.4,
p2_cot,tests_terraform_checks_resource_aws_example_EBSDefaultEncryption_main.tf,1,2113,True,0,16.9,
p2_cot,tests_terraform_checks_resource_aws_example_EBSEncryption_aws_ebs_volume.tf,5,5297,True,0,17.4,
p2_cot,tests_terraform_checks_resource_aws_example_ECRPolicy_main.tf,17,5721,False,0,26.0,
p2_cot,tests_terraform_checks_resource_aws_example_ECSContainerReadOnlyRoot_main.tf,4,6221,True,0,31.8,
p2_cot,tests_terraform_checks_resource_aws_example_EFSFileSystemEncryptedWithCMK_aws_efs_file_system.tf,1,1792,True,0,12.5,
p2_cot,tests_terraform_checks_resource_aws_example_EKSPublicAccess_main.tf,10,4157,True,0,24.6,
p2_cot,tests_terraform_checks_resource_aws_example_EMRClusterConfEncryptsLocalDisk_main.tf,10,6368,True,0,28.5,
p2_cot,tests_terraform_checks_resource_aws_example_ElastiCacheHasCustomSubnet_main.tf,2,2036,True,0,12.5,
p2_cot,tests_terraform_checks_resource_aws_example_ElasticBeanstalkUseEnhancedHealthChecks_main.tf,10,5139,True,0,28.5,
p2_cot,tests_terraform_checks_resource_aws_example_ElasticCacheAutomaticMinorUpgrades_main.tf,7,4042,True,0,14.8,
p2_cot,tests_terraform_checks_resource_aws_example_ElasticacheHasSecurityGroup_main.tf,4,4199,True,0,19.2,
p8_rag,tests_terraform_checks_data_aws_example_CloudSplainingCredentialsExposure_main.tf,7,6661,False,0,25.7,
p8_rag,tests_terraform_checks_data_aws_example_module_with_one_provider_example_main.tf,7,7394,True,0,21.3,
p8_rag,tests_terraform_checks_data_aws_example_provider_with_nested_module_assign_provider_example_example2_main.tf,7,6691,True,0,15.8,
p8_rag,tests_terraform_checks_data_aws_example_provider_without_module_main.tf,14,4756,False,0,14.8,
p8_rag,tests_terraform_checks_example_WildcardEntities_main.tf,9,5165,False,0,16.3,
p8_rag,tests_terraform_checks_resource_aws_example_APIGatewayCacheEnable_main.tf,11,5893,True,0,28.3,
p8_rag,tests_terraform_checks_resource_aws_example_APIGatewayCreateBeforeDestroy_main.tf,2,1466,False,0,9.3,
p8_rag,tests_terraform_checks_resource_aws_example_APIGatewayMethodSettingsDataTrace_main.tf,7,3338,True,0,11.2,
p8_rag,tests_terraform_checks_resource_aws_example_AppFlowUsesCMK_main.tf,1,1505,True,0,7.1,
p8_rag,tests_terraform_checks_resource_aws_example_BatchJobIsNotPrivileged_main.tf,1,1916,False,0,7.3,
p8_rag,tests_terraform_checks_resource_aws_example_CloudWatchLogGroupKMSKey_main.tf,3,3246,True,0,9.6,
p8_rag,tests_terraform_checks_resource_aws_example_CloudWatchLogGroupRetentionYear_main.tf,5,3700,True,0,17.2,
p8_rag,tests_terraform_checks_resource_aws_example_CloudfrontDistributionDefaultRoot_main.tf,15,6071,False,0,28.3,
p8_rag,tests_terraform_checks_resource_aws_example_CloudfrontDistributionOriginFailover_main.tf,33,8888,False,0,33.4,
p8_rag,tests_terraform_checks_resource_aws_example_ConnectInstanceKinesisVideoStreamStorageConfigUsesCMK_main.tf,3,3480,True,0,23.5,
p8_rag,tests_terraform_checks_resource_aws_example_DBSnapshotCopyUsesCMK_main.tf,1,2788,True,0,10.0,
p8_rag,tests_terraform_checks_resource_aws_example_DLMEventsCrossRegionEncryptionWithCMK_main.tf,3,2853,False,0,14.2,
p8_rag,tests_terraform_checks_resource_aws_example_DMSReplicationInstanceEncryptedWithCMK_main.tf,5,3894,False,0,12.6,
p8_rag,tests_terraform_checks_resource_aws_example_DynamoDBTablesEncrypted_main.tf,11,5980,True,0,16.7,
p8_rag,tests_terraform_checks_resource_aws_example_EBSDefaultEncryption_main.tf,1,2717,True,0,10.5,
p8_rag,tests_terraform_checks_resource_aws_example_EBSEncryption_aws_ebs_volume.tf,5,3270,True,0,11.3,
p8_rag,tests_terraform_checks_resource_aws_example_ECRPolicy_main.tf,17,5605,True,0,24.8,
p8_rag,tests_terraform_checks_resource_aws_example_ECSContainerReadOnlyRoot_main.tf,4,3974,False,0,13.6,
p8_rag,tests_terraform_checks_resource_aws_example_EFSFileSystemEncryptedWithCMK_aws_efs_file_system.tf,1,1997,True,0,9.2,
p8_rag,tests_terraform_checks_resource_aws_example_EKSPublicAccess_main.tf,10,4159,False,0,14.0,
p8_rag,tests_terraform_checks_resource_aws_example_EMRClusterConfEncryptsLocalDisk_main.tf,10,4712,False,0,43.7,
p8_rag,tests_terraform_checks_resource_aws_example_ElastiCacheHasCustomSubnet_main.tf,2,2906,False,0,10.8,
p8_rag,tests_terraform_checks_resource_aws_example_ElasticBeanstalkUseEnhancedHealthChecks_main.tf,10,5927,True,0,24.7,
p8_rag,tests_terraform_checks_resource_aws_example_ElasticCacheAutomaticMinorUpgrades_main.tf,7,4336,True,0,16.4,
p8_rag,tests_terraform_checks_resource_aws_example_ElasticacheHasSecurityGroup_main.tf,4,4165,True,0,24.6,
p3_playbook,tests_terraform_checks_data_aws_example_CloudSplainingCredentialsExposure_main.tf,7,5785,False,0,29.4,
p3_playbook,tests_terraform_checks_data_aws_example_module_with_one_provider_example_main.tf,7,9240,True,0,27.4,
p3_playbook,tests_terraform_checks_data_aws_example_provider_with_nested_module_assign_provider_example_example2_main.tf,7,8247,True,0,20.4,
p3_playbook,tests_terraform_checks_data_aws_example_provider_without_module_main.tf,14,8661,True,0,21.8,
p3_playbook,tests_terraform_checks_example_WildcardEntities_main.tf,9,9470,True,0,27.8,
p3_playbook,tests_terraform_checks_resource_aws_example_APIGatewayCacheEnable_main.tf,11,5181,False,0,34.6,
p3_playbook,tests_terraform_checks_resource_aws_example_APIGatewayCreateBeforeDestroy_main.tf,2,2771,True,0,11.2,
p3_playbook,tests_terraform_checks_resource_aws_example_APIGatewayMethodSettingsDataTrace_main.tf,7,5055,False,0,27.4,
p3_playbook,tests_terraform_checks_resource_aws_example_AppFlowUsesCMK_main.tf,1,1235,False,0,10.6,
p3_playbook,tests_terraform_checks_resource_aws_example_BatchJobIsNotPrivileged_main.tf,1,2453,True,0,12.3,
p3_playbook,tests_terraform_checks_resource_aws_example_CloudWatchLogGroupKMSKey_main.tf,3,3105,False,0,17.5,
p3_playbook,tests_terraform_checks_resource_aws_example_CloudWatchLogGroupRetentionYear_main.tf,5,3978,True,0,19.3,
p3_playbook,tests_terraform_checks_resource_aws_example_CloudfrontDistributionDefaultRoot_main.tf,15,9446,False,0,32.0,
p3_playbook,tests_terraform_checks_resource_aws_example_CloudfrontDistributionOriginFailover_main.tf,33,16869,False,0,50.7,
p3_playbook,tests_terraform_checks_resource_aws_example_ConnectInstanceKinesisVideoStreamStorageConfigUsesCMK_main.tf,3,2666,False,0,22.6,
p3_playbook,tests_terraform_checks_resource_aws_example_DBSnapshotCopyUsesCMK_main.tf,1,1614,True,0,11.9,
p3_playbook,tests_terraform_checks_resource_aws_example_DLMEventsCrossRegionEncryptionWithCMK_main.tf,3,4535,False,0,21.7,
p3_playbook,tests_terraform_checks_resource_aws_example_DMSReplicationInstanceEncryptedWithCMK_main.tf,5,3967,False,0,22.4,
p3_playbook,tests_terraform_checks_resource_aws_example_DynamoDBTablesEncrypted_main.tf,11,6501,True,0,23.9,
p3_playbook,tests_terraform_checks_resource_aws_example_EBSDefaultEncryption_main.tf,1,1808,True,0,8.2,
p3_playbook,tests_terraform_checks_resource_aws_example_EBSEncryption_aws_ebs_volume.tf,5,3949,True,0,18.5,
p3_playbook,tests_terraform_checks_resource_aws_example_ECRPolicy_main.tf,17,6376,False,0,22.9,
p3_playbook,tests_terraform_checks_resource_aws_example_ECSContainerReadOnlyRoot_main.tf,4,5131,False,0,21.3,
p3_playbook,tests_terraform_checks_resource_aws_example_EFSFileSystemEncryptedWithCMK_aws_efs_file_system.tf,1,1859,True,0,7.1,
p3_playbook,tests_terraform_checks_resource_aws_example_EKSPublicAccess_main.tf,10,7256,True,0,22.7,
p3_playbook,tests_terraform_checks_resource_aws_example_EMRClusterConfEncryptsLocalDisk_main.tf,10,7033,False,0,31.2,
p3_playbook,tests_terraform_checks_resource_aws_example_ElastiCacheHasCustomSubnet_main.tf,2,3012,True,0,12.3,
p3_playbook,tests_terraform_checks_resource_aws_example_ElasticBeanstalkUseEnhancedHealthChecks_main.tf,10,5313,False,0,25.2,
p3_playbook,tests_terraform_checks_resource_aws_example_ElasticCacheAutomaticMinorUpgrades_main.tf,7,4979,True,0,19.3,
p3_playbook,tests_terraform_checks_resource_aws_example_ElasticacheHasSecurityGroup_main.tf,4,4425,True,0,25.6,
