prompt,file,chars,has_hcl
p1_minimal,tests_terraform_checks_data_aws_example_CloudSplainingCredentialsExposure_main.tf,6223,False
p1_minimal,tests_terraform_checks_data_aws_example_module_with_one_provider_example_main.tf,8178,True
p1_minimal,tests_terraform_checks_data_aws_example_provider_with_nested_module_assign_provider_example_example2_main.tf,6597,True
p1_minimal,tests_terraform_checks_data_aws_example_provider_without_module_main.tf,8075,True
p1_minimal,tests_terraform_checks_example_WildcardEntities_main.tf,8028,True
p1_minimal,tests_terraform_checks_resource_aws_example_APIGatewayCacheEnable_main.tf,7899,True
p1_minimal,tests_terraform_checks_resource_aws_example_APIGatewayCreateBeforeDestroy_main.tf,2315,True
p1_minimal,tests_terraform_checks_resource_aws_example_APIGatewayMethodSettingsDataTrace_main.tf,3739,True
p1_minimal,tests_terraform_checks_resource_aws_example_AppFlowUsesCMK_main.tf,2564,True
p1_minimal,tests_terraform_checks_resource_aws_example_BatchJobIsNotPrivileged_main.tf,2466,True
p1_minimal,tests_terraform_checks_resource_aws_example_CloudWatchLogGroupKMSKey_main.tf,3128,True
p1_minimal,tests_terraform_checks_resource_aws_example_CloudWatchLogGroupRetentionYear_main.tf,3147,True
p1_minimal,tests_terraform_checks_resource_aws_example_CloudfrontDistributionDefaultRoot_main.tf,7107,True
p1_minimal,tests_terraform_checks_resource_aws_example_CloudfrontDistributionOriginFailover_main.tf,7773,True
p1_minimal,tests_terraform_checks_resource_aws_example_ConnectInstanceKinesisVideoStreamStorageConfigUsesCMK_main.tf,2716,True
p1_minimal,tests_terraform_checks_resource_aws_example_DBSnapshotCopyUsesCMK_main.tf,1428,True
p1_minimal,tests_terraform_checks_resource_aws_example_DLMEventsCrossRegionEncryptionWithCMK_main.tf,3559,True
p1_minimal,tests_terraform_checks_resource_aws_example_DMSReplicationInstanceEncryptedWithCMK_main.tf,5210,True
p1_minimal,tests_terraform_checks_resource_aws_example_DynamoDBTablesEncrypted_main.tf,5416,True
p1_minimal,tests_terraform_checks_resource_aws_example_EBSDefaultEncryption_main.tf,1948,True
p1_minimal,tests_terraform_checks_resource_aws_example_EBSEncryption_aws_ebs_volume.tf,2336,True
p1_minimal,tests_terraform_checks_resource_aws_example_ECRPolicy_main.tf,5496,True
p1_minimal,tests_terraform_checks_resource_aws_example_ECSContainerReadOnlyRoot_main.tf,4194,False
p1_minimal,tests_terraform_checks_resource_aws_example_EFSFileSystemEncryptedWithCMK_aws_efs_file_system.tf,2597,True
p1_minimal,tests_terraform_checks_resource_aws_example_EKSPublicAccess_main.tf,4781,True
p1_minimal,tests_terraform_checks_resource_aws_example_EMRClusterConfEncryptsLocalDisk_main.tf,3614,False
p1_minimal,tests_terraform_checks_resource_aws_example_ElastiCacheHasCustomSubnet_main.tf,2305,False
p1_minimal,tests_terraform_checks_resource_aws_example_ElasticBeanstalkUseEnhancedHealthChecks_main.tf,5533,True
p1_minimal,tests_terraform_checks_resource_aws_example_ElasticCacheAutomaticMinorUpgrades_main.tf,4270,True
p1_minimal,tests_terraform_checks_resource_aws_example_ElasticacheHasSecurityGroup_main.tf,3852,True
p7_grounded,tests_terraform_checks_data_aws_example_CloudSplainingCredentialsExposure_main.tf,5111,False
p7_grounded,tests_terraform_checks_data_aws_example_module_with_one_provider_example_main.tf,2891,True
p7_grounded,tests_terraform_checks_data_aws_example_provider_with_nested_module_assign_provider_example_example2_main.tf,1977,True
p7_grounded,tests_terraform_checks_data_aws_example_provider_without_module_main.tf,3247,False
p7_grounded,tests_terraform_checks_example_WildcardEntities_main.tf,3302,True
p7_grounded,tests_terraform_checks_resource_aws_example_APIGatewayCacheEnable_main.tf,3504,True
p7_grounded,tests_terraform_checks_resource_aws_example_APIGatewayCreateBeforeDestroy_main.tf,2060,True
p7_grounded,tests_terraform_checks_resource_aws_example_APIGatewayMethodSettingsDataTrace_main.tf,3578,True
p7_grounded,tests_terraform_checks_resource_aws_example_AppFlowUsesCMK_main.tf,761,False
p7_grounded,tests_terraform_checks_resource_aws_example_BatchJobIsNotPrivileged_main.tf,1192,False
p7_grounded,tests_terraform_checks_resource_aws_example_CloudWatchLogGroupKMSKey_main.tf,1832,False
p7_grounded,tests_terraform_checks_resource_aws_example_CloudWatchLogGroupRetentionYear_main.tf,2587,True
p7_grounded,tests_terraform_checks_resource_aws_example_CloudfrontDistributionDefaultRoot_main.tf,7544,False
p7_grounded,tests_terraform_checks_resource_aws_example_CloudfrontDistributionOriginFailover_main.tf,7979,False
p7_grounded,tests_terraform_checks_resource_aws_example_ConnectInstanceKinesisVideoStreamStorageConfigUsesCMK_main.tf,3274,False
p7_grounded,tests_terraform_checks_resource_aws_example_DBSnapshotCopyUsesCMK_main.tf,2406,True
p7_grounded,tests_terraform_checks_resource_aws_example_DLMEventsCrossRegionEncryptionWithCMK_main.tf,2528,False
p7_grounded,tests_terraform_checks_resource_aws_example_DMSReplicationInstanceEncryptedWithCMK_main.tf,3743,False
p7_grounded,tests_terraform_checks_resource_aws_example_DynamoDBTablesEncrypted_main.tf,3970,False
p7_grounded,tests_terraform_checks_resource_aws_example_EBSDefaultEncryption_main.tf,1646,True
p7_grounded,tests_terraform_checks_resource_aws_example_EBSEncryption_aws_ebs_volume.tf,2426,False
p7_grounded,tests_terraform_checks_resource_aws_example_ECRPolicy_main.tf,4833,True
p7_grounded,tests_terraform_checks_resource_aws_example_ECSContainerReadOnlyRoot_main.tf,3041,False
p7_grounded,tests_terraform_checks_resource_aws_example_EFSFileSystemEncryptedWithCMK_aws_efs_file_system.tf,1141,True
p7_grounded,tests_terraform_checks_resource_aws_example_EKSPublicAccess_main.tf,3510,True
p7_grounded,tests_terraform_checks_resource_aws_example_EMRClusterConfEncryptsLocalDisk_main.tf,4298,False
p7_grounded,tests_terraform_checks_resource_aws_example_ElastiCacheHasCustomSubnet_main.tf,2066,False
p7_grounded,tests_terraform_checks_resource_aws_example_ElasticBeanstalkUseEnhancedHealthChecks_main.tf,4456,False
p7_grounded,tests_terraform_checks_resource_aws_example_ElasticCacheAutomaticMinorUpgrades_main.tf,2763,False
p7_grounded,tests_terraform_checks_resource_aws_example_ElasticacheHasSecurityGroup_main.tf,4551,True
p2_cot,tests_terraform_checks_data_aws_example_CloudSplainingCredentialsExposure_main.tf,4901,True
p2_cot,tests_terraform_checks_data_aws_example_module_with_one_provider_example_main.tf,12470,True
p2_cot,tests_terraform_checks_data_aws_example_provider_with_nested_module_assign_provider_example_example2_main.tf,8418,True
p2_cot,tests_terraform_checks_data_aws_example_provider_without_module_main.tf,7280,True
p2_cot,tests_terraform_checks_example_WildcardEntities_main.tf,6360,True
p2_cot,tests_terraform_checks_resource_aws_example_APIGatewayCacheEnable_main.tf,7258,True
p2_cot,tests_terraform_checks_resource_aws_example_APIGatewayCreateBeforeDestroy_main.tf,2482,True
p2_cot,tests_terraform_checks_resource_aws_example_APIGatewayMethodSettingsDataTrace_main.tf,5190,True
p2_cot,tests_terraform_checks_resource_aws_example_AppFlowUsesCMK_main.tf,2492,True
p2_cot,tests_terraform_checks_resource_aws_example_BatchJobIsNotPrivileged_main.tf,2279,False
p2_cot,tests_terraform_checks_resource_aws_example_CloudWatchLogGroupKMSKey_main.tf,3296,True
p2_cot,tests_terraform_checks_resource_aws_example_CloudWatchLogGroupRetentionYear_main.tf,3974,True
p2_cot,tests_terraform_checks_resource_aws_example_CloudfrontDistributionDefaultRoot_main.tf,5625,False
p2_cot,tests_terraform_checks_resource_aws_example_CloudfrontDistributionOriginFailover_main.tf,6983,True
p2_cot,tests_terraform_checks_resource_aws_example_ConnectInstanceKinesisVideoStreamStorageConfigUsesCMK_main.tf,4719,True
p2_cot,tests_terraform_checks_resource_aws_example_DBSnapshotCopyUsesCMK_main.tf,2548,True
p2_cot,tests_terraform_checks_resource_aws_example_DLMEventsCrossRegionEncryptionWithCMK_main.tf,3601,False
p2_cot,tests_terraform_checks_resource_aws_example_DMSReplicationInstanceEncryptedWithCMK_main.tf,3756,False
p2_cot,tests_terraform_checks_resource_aws_example_DynamoDBTablesEncrypted_main.tf,6386,True
p2_cot,tests_terraform_checks_resource_aws_example_EBSDefaultEncryption_main.tf,1406,True
p2_cot,tests_terraform_checks_resource_aws_example_EBSEncryption_aws_ebs_volume.tf,3846,True
p2_cot,tests_terraform_checks_resource_aws_example_ECRPolicy_main.tf,6984,True
p2_cot,tests_terraform_checks_resource_aws_example_ECSContainerReadOnlyRoot_main.tf,7230,True
p2_cot,tests_terraform_checks_resource_aws_example_EFSFileSystemEncryptedWithCMK_aws_efs_file_system.tf,2759,True
p2_cot,tests_terraform_checks_resource_aws_example_EKSPublicAccess_main.tf,8048,True
p2_cot,tests_terraform_checks_resource_aws_example_EMRClusterConfEncryptsLocalDisk_main.tf,4780,True
p2_cot,tests_terraform_checks_resource_aws_example_ElastiCacheHasCustomSubnet_main.tf,2452,True
p2_cot,tests_terraform_checks_resource_aws_example_ElasticBeanstalkUseEnhancedHealthChecks_main.tf,4388,True
p2_cot,tests_terraform_checks_resource_aws_example_ElasticCacheAutomaticMinorUpgrades_main.tf,6505,True
p2_cot,tests_terraform_checks_resource_aws_example_ElasticacheHasSecurityGroup_main.tf,2643,True
p8_rag,tests_terraform_checks_data_aws_example_CloudSplainingCredentialsExposure_main.tf,6662,False
p8_rag,tests_terraform_checks_data_aws_example_module_with_one_provider_example_main.tf,7395,True
p8_rag,tests_terraform_checks_data_aws_example_provider_with_nested_module_assign_provider_example_example2_main.tf,6692,True
p8_rag,tests_terraform_checks_data_aws_example_provider_without_module_main.tf,4757,False
p8_rag,tests_terraform_checks_example_WildcardEntities_main.tf,5166,False
p8_rag,tests_terraform_checks_resource_aws_example_APIGatewayCacheEnable_main.tf,5894,True
p8_rag,tests_terraform_checks_resource_aws_example_APIGatewayCreateBeforeDestroy_main.tf,1467,False
p8_rag,tests_terraform_checks_resource_aws_example_APIGatewayMethodSettingsDataTrace_main.tf,3339,True
p8_rag,tests_terraform_checks_resource_aws_example_AppFlowUsesCMK_main.tf,1506,True
p8_rag,tests_terraform_checks_resource_aws_example_BatchJobIsNotPrivileged_main.tf,1917,False
p8_rag,tests_terraform_checks_resource_aws_example_CloudWatchLogGroupKMSKey_main.tf,3247,True
p8_rag,tests_terraform_checks_resource_aws_example_CloudWatchLogGroupRetentionYear_main.tf,3701,True
p8_rag,tests_terraform_checks_resource_aws_example_CloudfrontDistributionDefaultRoot_main.tf,6072,False
p8_rag,tests_terraform_checks_resource_aws_example_CloudfrontDistributionOriginFailover_main.tf,8889,False
p8_rag,tests_terraform_checks_resource_aws_example_ConnectInstanceKinesisVideoStreamStorageConfigUsesCMK_main.tf,3481,True
p8_rag,tests_terraform_checks_resource_aws_example_DBSnapshotCopyUsesCMK_main.tf,2789,True
p8_rag,tests_terraform_checks_resource_aws_example_DLMEventsCrossRegionEncryptionWithCMK_main.tf,2854,False
p8_rag,tests_terraform_checks_resource_aws_example_DMSReplicationInstanceEncryptedWithCMK_main.tf,3895,False
p8_rag,tests_terraform_checks_resource_aws_example_DynamoDBTablesEncrypted_main.tf,5981,True
p8_rag,tests_terraform_checks_resource_aws_example_EBSDefaultEncryption_main.tf,2718,True
p8_rag,tests_terraform_checks_resource_aws_example_EBSEncryption_aws_ebs_volume.tf,3271,True
p8_rag,tests_terraform_checks_resource_aws_example_ECRPolicy_main.tf,5606,True
p8_rag,tests_terraform_checks_resource_aws_example_ECSContainerReadOnlyRoot_main.tf,3975,False
p8_rag,tests_terraform_checks_resource_aws_example_EFSFileSystemEncryptedWithCMK_aws_efs_file_system.tf,1998,True
p8_rag,tests_terraform_checks_resource_aws_example_EKSPublicAccess_main.tf,4160,False
p8_rag,tests_terraform_checks_resource_aws_example_EMRClusterConfEncryptsLocalDisk_main.tf,4713,False
p8_rag,tests_terraform_checks_resource_aws_example_ElastiCacheHasCustomSubnet_main.tf,2907,False
p8_rag,tests_terraform_checks_resource_aws_example_ElasticBeanstalkUseEnhancedHealthChecks_main.tf,5928,True
p8_rag,tests_terraform_checks_resource_aws_example_ElasticCacheAutomaticMinorUpgrades_main.tf,4337,True
p8_rag,tests_terraform_checks_resource_aws_example_ElasticacheHasSecurityGroup_main.tf,4166,True
p3_playbook,tests_terraform_checks_data_aws_example_CloudSplainingCredentialsExposure_main.tf,5786,False
p3_playbook,tests_terraform_checks_data_aws_example_module_with_one_provider_example_main.tf,9241,True
p3_playbook,tests_terraform_checks_data_aws_example_provider_with_nested_module_assign_provider_example_example2_main.tf,8248,True
p3_playbook,tests_terraform_checks_data_aws_example_provider_without_module_main.tf,8662,True
p3_playbook,tests_terraform_checks_example_WildcardEntities_main.tf,9471,True
p3_playbook,tests_terraform_checks_resource_aws_example_APIGatewayCacheEnable_main.tf,5182,False
p3_playbook,tests_terraform_checks_resource_aws_example_APIGatewayCreateBeforeDestroy_main.tf,2772,True
p3_playbook,tests_terraform_checks_resource_aws_example_APIGatewayMethodSettingsDataTrace_main.tf,5056,False
p3_playbook,tests_terraform_checks_resource_aws_example_AppFlowUsesCMK_main.tf,1236,False
p3_playbook,tests_terraform_checks_resource_aws_example_BatchJobIsNotPrivileged_main.tf,2454,True
p3_playbook,tests_terraform_checks_resource_aws_example_CloudWatchLogGroupKMSKey_main.tf,3106,False
p3_playbook,tests_terraform_checks_resource_aws_example_CloudWatchLogGroupRetentionYear_main.tf,3979,True
p3_playbook,tests_terraform_checks_resource_aws_example_CloudfrontDistributionDefaultRoot_main.tf,9447,False
p3_playbook,tests_terraform_checks_resource_aws_example_CloudfrontDistributionOriginFailover_main.tf,16870,False
p3_playbook,tests_terraform_checks_resource_aws_example_ConnectInstanceKinesisVideoStreamStorageConfigUsesCMK_main.tf,2667,False
p3_playbook,tests_terraform_checks_resource_aws_example_DBSnapshotCopyUsesCMK_main.tf,1615,True
p3_playbook,tests_terraform_checks_resource_aws_example_DLMEventsCrossRegionEncryptionWithCMK_main.tf,4536,False
p3_playbook,tests_terraform_checks_resource_aws_example_DMSReplicationInstanceEncryptedWithCMK_main.tf,3968,False
p3_playbook,tests_terraform_checks_resource_aws_example_DynamoDBTablesEncrypted_main.tf,6502,True
p3_playbook,tests_terraform_checks_resource_aws_example_EBSDefaultEncryption_main.tf,1809,True
p3_playbook,tests_terraform_checks_resource_aws_example_EBSEncryption_aws_ebs_volume.tf,3950,True
p3_playbook,tests_terraform_checks_resource_aws_example_ECRPolicy_main.tf,6377,False
p3_playbook,tests_terraform_checks_resource_aws_example_ECSContainerReadOnlyRoot_main.tf,5132,False
p3_playbook,tests_terraform_checks_resource_aws_example_EFSFileSystemEncryptedWithCMK_aws_efs_file_system.tf,1860,True
p3_playbook,tests_terraform_checks_resource_aws_example_EKSPublicAccess_main.tf,7257,True
p3_playbook,tests_terraform_checks_resource_aws_example_EMRClusterConfEncryptsLocalDisk_main.tf,7034,False
p3_playbook,tests_terraform_checks_resource_aws_example_ElastiCacheHasCustomSubnet_main.tf,3013,True
p3_playbook,tests_terraform_checks_resource_aws_example_ElasticBeanstalkUseEnhancedHealthChecks_main.tf,5314,False
p3_playbook,tests_terraform_checks_resource_aws_example_ElasticCacheAutomaticMinorUpgrades_main.tf,4980,True
p3_playbook,tests_terraform_checks_resource_aws_example_ElasticacheHasSecurityGroup_main.tf,4426,True
