prompt,file,n_findings,chars,has_hcl,json_valid,corruption,seconds,error
p5_stepback,tests_terraform_checks_data_aws_example_CloudSplainingCredentialsExposure_main.tf,7,7464,False,,0,26.5,
p5_stepback,tests_terraform_checks_data_aws_example_module_with_one_provider_example_main.tf,7,5496,True,,0,22.1,
p5_stepback,tests_terraform_checks_data_aws_example_provider_with_nested_module_assign_provider_example_example2_main.tf,7,4036,False,,0,16.8,
p5_stepback,tests_terraform_checks_data_aws_example_provider_without_module_main.tf,14,4727,False,,0,17.5,
p5_stepback,tests_terraform_checks_example_WildcardEntities_main.tf,9,3917,False,,0,20.0,
p5_stepback,tests_terraform_checks_resource_aws_example_APIGatewayCacheEnable_main.tf,11,4971,True,,0,25.3,
p5_stepback,tests_terraform_checks_resource_aws_example_APIGatewayCreateBeforeDestroy_main.tf,2,1402,False,,0,14.1,
p5_stepback,tests_terraform_checks_resource_aws_example_APIGatewayMethodSettingsDataTrace_main.tf,7,3231,False,,0,33.2,
p5_stepback,tests_terraform_checks_resource_aws_example_AppFlowUsesCMK_main.tf,1,2300,True,,0,8.1,
p5_stepback,tests_terraform_checks_resource_aws_example_BatchJobIsNotPrivileged_main.tf,1,1156,False,,0,11.5,
p5_stepback,tests_terraform_checks_resource_aws_example_CloudWatchLogGroupKMSKey_main.tf,3,2195,False,,0,17.4,
p5_stepback,tests_terraform_checks_resource_aws_example_CloudWatchLogGroupRetentionYear_main.tf,5,2974,True,,0,21.6,
p5_stepback,tests_terraform_checks_resource_aws_example_CloudfrontDistributionDefaultRoot_main.tf,15,8617,True,,0,50.4,
p5_stepback,tests_terraform_checks_resource_aws_example_CloudfrontDistributionOriginFailover_main.tf,33,10213,True,,0,51.7,
p5_stepback,tests_terraform_checks_resource_aws_example_ConnectInstanceKinesisVideoStreamStorageConfigUsesCMK_main.tf,3,1369,True,,0,24.4,
p5_stepback,tests_terraform_checks_resource_aws_example_DBSnapshotCopyUsesCMK_main.tf,1,2055,True,,0,20.7,
p5_stepback,tests_terraform_checks_resource_aws_example_DLMEventsCrossRegionEncryptionWithCMK_main.tf,3,2688,True,,0,11.7,
p5_stepback,tests_terraform_checks_resource_aws_example_DMSReplicationInstanceEncryptedWithCMK_main.tf,5,3253,False,,0,12.1,
p5_stepback,tests_terraform_checks_resource_aws_example_DynamoDBTablesEncrypted_main.tf,11,3576,True,,0,26.4,
p5_stepback,tests_terraform_checks_resource_aws_example_EBSDefaultEncryption_main.tf,1,1572,False,,0,8.6,
p5_stepback,tests_terraform_checks_resource_aws_example_EBSEncryption_aws_ebs_volume.tf,5,2490,True,,0,10.4,
p5_stepback,tests_terraform_checks_resource_aws_example_ECRPolicy_main.tf,17,3895,True,,0,19.5,
p5_stepback,tests_terraform_checks_resource_aws_example_ECSContainerReadOnlyRoot_main.tf,4,2507,False,,0,17.3,
p5_stepback,tests_terraform_checks_resource_aws_example_EFSFileSystemEncryptedWithCMK_aws_efs_file_system.tf,1,1796,True,,0,7.1,
p5_stepback,tests_terraform_checks_resource_aws_example_EKSPublicAccess_main.tf,10,4537,True,,0,16.7,
p5_stepback,tests_terraform_checks_resource_aws_example_EMRClusterConfEncryptsLocalDisk_main.tf,10,5803,False,,0,24.4,
p5_stepback,tests_terraform_checks_resource_aws_example_ElastiCacheHasCustomSubnet_main.tf,2,1909,False,,0,9.2,
p5_stepback,tests_terraform_checks_resource_aws_example_ElasticBeanstalkUseEnhancedHealthChecks_main.tf,10,4455,True,,0,27.4,
p5_stepback,tests_terraform_checks_resource_aws_example_ElasticCacheAutomaticMinorUpgrades_main.tf,7,3165,False,,0,21.1,
p5_stepback,tests_terraform_checks_resource_aws_example_ElasticacheHasSecurityGroup_main.tf,4,4012,False,,0,18.7,
