file,condition,start_fails,attempts,final_fails,reached_zero,valid,outcome,trajectory,note
tests_terraform_checks_data_aws_example_CloudSplainingCredentialsExposure_main.tf,A,7,1,0,True,True,fixed,7->0,
tests_terraform_checks_data_aws_example_module_with_one_provider_example_main.tf,A,7,2,0,True,True,fixed,7->1->0,
tests_terraform_checks_data_aws_example_provider_with_nested_module_assign_provider_example_example2_main.tf,A,7,5,0,True,True,fixed,7->0->2->0->0->0,
tests_terraform_checks_data_aws_example_provider_without_module_main.tf,A,14,2,0,True,True,fixed,14->3->0,
tests_terraform_checks_example_WildcardEntities_main.tf,A,9,3,0,True,True,fixed,9->2->1->0,
tests_terraform_checks_resource_aws_example_APIGatewayCacheEnable_main.tf,A,11,5,2,False,True,not_fixed,11->6->4->2->2->None,budget exhausted
tests_terraform_checks_resource_aws_example_APIGatewayCreateBeforeDestroy_main.tf,A,2,1,0,True,True,fixed,2->0,
tests_terraform_checks_resource_aws_example_APIGatewayMethodSettingsDataTrace_main.tf,A,7,1,0,True,True,fixed,7->0,
tests_terraform_checks_resource_aws_example_AppFlowUsesCMK_main.tf,A,1,1,0,True,True,fixed,1->0,
tests_terraform_checks_resource_aws_example_BatchJobIsNotPrivileged_main.tf,A,1,1,0,True,True,fixed,1->0,
tests_terraform_checks_resource_aws_example_CloudWatchLogGroupKMSKey_main.tf,A,3,1,0,True,True,fixed,3->0,
tests_terraform_checks_resource_aws_example_CloudWatchLogGroupRetentionYear_main.tf,A,5,1,0,True,True,fixed,5->0,
tests_terraform_checks_resource_aws_example_CloudfrontDistributionDefaultRoot_main.tf,A,15,5,4,False,False,not_fixed,15->4->4->4->4->4,budget exhausted
tests_terraform_checks_resource_aws_example_CloudfrontDistributionOriginFailover_main.tf,A,33,5,8,False,False,not_fixed,33->6->6->None->8->8,budget exhausted
tests_terraform_checks_resource_aws_example_ConnectInstanceKinesisVideoStreamStorageConfigUsesCMK_main.tf,A,3,5,0,False,False,gamed_scanner,3->2->2->2->2->0,budget exhausted
tests_terraform_checks_resource_aws_example_DBSnapshotCopyUsesCMK_main.tf,A,1,1,0,True,True,fixed,1->0,
tests_terraform_checks_resource_aws_example_DLMEventsCrossRegionEncryptionWithCMK_main.tf,A,3,1,0,True,True,fixed,3->0,
tests_terraform_checks_resource_aws_example_DMSReplicationInstanceEncryptedWithCMK_main.tf,A,5,1,0,True,True,fixed,5->0,
tests_terraform_checks_resource_aws_example_DynamoDBTablesEncrypted_main.tf,A,11,1,0,True,True,fixed,11->0,
tests_terraform_checks_resource_aws_example_EBSDefaultEncryption_main.tf,A,1,1,0,True,True,fixed,1->0,
tests_terraform_checks_resource_aws_example_EBSEncryption_aws_ebs_volume.tf,A,5,1,0,True,True,fixed,5->0,
tests_terraform_checks_resource_aws_example_ECRPolicy_main.tf,A,17,1,0,True,True,fixed,17->0,
tests_terraform_checks_resource_aws_example_ECSContainerReadOnlyRoot_main.tf,A,4,1,0,True,True,fixed,4->0,
tests_terraform_checks_resource_aws_example_EFSFileSystemEncryptedWithCMK_aws_efs_file_system.tf,A,1,1,0,True,True,fixed,1->0,
tests_terraform_checks_resource_aws_example_EKSPublicAccess_main.tf,A,10,2,0,True,True,fixed,10->3->0,
tests_terraform_checks_resource_aws_example_EMRClusterConfEncryptsLocalDisk_main.tf,A,10,1,0,True,True,fixed,10->0,
tests_terraform_checks_resource_aws_example_ElastiCacheHasCustomSubnet_main.tf,A,2,1,0,True,True,fixed,2->0,
tests_terraform_checks_resource_aws_example_ElasticBeanstalkUseEnhancedHealthChecks_main.tf,A,10,2,0,True,True,fixed,10->2->0,
tests_terraform_checks_resource_aws_example_ElasticCacheAutomaticMinorUpgrades_main.tf,A,7,1,0,True,True,fixed,7->0,
tests_terraform_checks_resource_aws_example_ElasticacheHasSecurityGroup_main.tf,A,4,5,2,False,True,not_fixed,4->1->None->2->1->2,budget exhausted
