item,file,item_id,A_valid,B_valid,delta
1,tests_terraform_checks_resource_aws_example_CloudFrontGeoRestrictionDisabled_main.tf,item_001,0,0,0
2,tests_terraform_checks_resource_aws_example_APIGatewayV2RouteDefinesAuthorizationType_main.tf,item_002,3,3,0
3,tests_terraform_checks_data_aws_example_GithubActionsOIDCTrustPolicy_main.tf,item_003,0,0,0
4,tests_terraform_checks_resource_aws_example_ELBPolicyUsesSecureProtocols_main.tf,item_004,2,3,1
5,tests_terraform_checks_resource_aws_example_DMSReplicationInstanceMinorUpgrade_main.tf,item_005,3,3,0
6,tests_terraform_checks_resource_aws_example_CloudfrontDistributionEnabled_main.tf,item_006,0,0,0
7,tests_terraform_checks_resource_aws_example_DBInstanceBackupRetentionPeriod_main.tf,item_007,0,0,0
8,tests_terraform_checks_resource_aws_example_AppSyncLogging_main.tf,item_008,0,1,1
9,tests_terraform_checks_resource_aws_example_EFSAccessPointRoot_main.tf,item_009,1,3,2
11,tests_terraform_checks_resource_aws_example_AppFlowConnectorProfileUsesCMK_main.tf,item_011,1,0,-1
12,tests_terraform_checks_resource_aws_example_DBSnapshotsArePrivate_main.tf,item_012,3,3,0
13,tests_terraform_checks_resource_aws_example_ECSContainerPrivilege_main.tf,item_013,0,3,3
15,tests_terraform_checks_data_aws_example_provider_edge_case_nesting_nesting_l2_main.tf,item_015,2,0,-2
16,tests_terraform_checks_resource_aws_example_DBInstanceLogging_main.tf,item_016,0,0,0
17,tests_terraform_checks_resource_aws_example_EBSSnapshotCopyEncryptedWithCMK_aws_ebs_snapshot_copy.tf,item_017,3,3,0
18,tests_terraform_checks_data_aws_example_provider_edge_case_nesting_main.tf,item_018,3,0,-3
19,tests_terraform_checks_resource_aws_example_ECSClusterLoggingEnabled_main.tf,item_019,0,0,0
20,tests_terraform_checks_data_aws_example_StarActionPolicyDocument_main.tf,item_020,3,1,-2
21,tests_terraform_checks_data_aws_example_AdminPolicyDocument_main.tf,item_021,0,0,0
22,tests_terraform_checks_resource_aws_example_APIGatewayDeploymentCreateBeforeDestroy_main.tf,item_022,3,3,0
23,tests_terraform_checks_resource_aws_example_ALBDesyncMode_main.tf,item_023,0,0,0
24,tests_terraform_checks_resource_aws_example_AMIEncryption_main.tf,item_024,3,3,0
25,tests_terraform_checks_resource_aws_example_AppSyncFieldLevelLogs_main.tf,item_025,0,0,0
26,tests_terraform_checks_resource_aws_example_EC2PublicIP_main.tf,item_026,0,0,0
28,tests_terraform_checks_data_aws_example_provider_edge_case_nesting_2_main.tf,item_028,3,3,0
30,tests_terraform_checks_resource_aws_example_DLMScheduleCrossRegionEncryption_main.tf,item_030,0,2,2
31,tests_terraform_checks_resource_aws_example_DMSS3UsesCMK_main.tf,item_031,0,0,0
32,tests_terraform_checks_resource_aws_example_CodePipelineArtifactsEncrypted_main.tf,item_032,3,3,0
33,tests_terraform_checks_resource_aws_example_AutoScalingTagging_main.tf,item_033,0,0,0
34,tests_terraform_checks_resource_aws_example_AutoScalingGroupWithPublicAccess_main.tf,item_034,0,0,0
35,tests_terraform_checks_data_aws_example_provider_edge_case_main.tf,item_035,3,3,0
36,tests_terraform_checks_resource_aws_example_ELBv2AccessLogs_main.tf,item_036,0,0,0
37,tests_terraform_checks_data_aws_example_ModuleProvider_example_main.tf,item_037,0,0,0
38,tests_terraform_checks_resource_aws_example_DeprecatedLambdaRuntime_main.tf,item_038,0,1,1
39,tests_terraform_checks_resource_aws_example_ElasticCacheAutomaticBackup_main.tf,item_039,0,0,0
40,tests_terraform_checks_data_aws_example_CloudSplainingPrivilegeEscalation_main.tf,item_040,3,3,0
41,tests_terraform_checks_resource_aws_example_EC2PublicIP_foreach_module_main.tf,item_041,0,0,0
42,tests_terraform_checks_data_aws_example_ResourcePolicyDocument_main.tf,item_042,3,3,0
43,tests_terraform_checks_data_aws_example_CloudsplainingIAMWrite_main.tf,item_043,3,3,0
45,tests_terraform_checks_data_aws_example_IAMPublicActionsPolicy_public_actions.tf,item_045,3,3,0
