item,file
1,tests_terraform_checks_resource_aws_example_CloudFrontGeoRestrictionDisabled_main.tf
2,tests_terraform_checks_resource_aws_example_APIGatewayV2RouteDefinesAuthorizationType_main.tf
3,tests_terraform_checks_data_aws_example_GithubActionsOIDCTrustPolicy_main.tf
4,tests_terraform_checks_resource_aws_example_ELBPolicyUsesSecureProtocols_main.tf
5,tests_terraform_checks_resource_aws_example_DMSReplicationInstanceMinorUpgrade_main.tf
6,tests_terraform_checks_resource_aws_example_CloudfrontDistributionEnabled_main.tf
7,tests_terraform_checks_resource_aws_example_DBInstanceBackupRetentionPeriod_main.tf
8,tests_terraform_checks_resource_aws_example_AppSyncLogging_main.tf
9,tests_terraform_checks_resource_aws_example_EFSAccessPointRoot_main.tf
11,tests_terraform_checks_resource_aws_example_AppFlowConnectorProfileUsesCMK_main.tf
12,tests_terraform_checks_resource_aws_example_DBSnapshotsArePrivate_main.tf
13,tests_terraform_checks_resource_aws_example_ECSContainerPrivilege_main.tf
15,tests_terraform_checks_data_aws_example_provider_edge_case_nesting_nesting_l2_main.tf
16,tests_terraform_checks_resource_aws_example_DBInstanceLogging_main.tf
17,tests_terraform_checks_resource_aws_example_EBSSnapshotCopyEncryptedWithCMK_aws_ebs_snapshot_copy.tf
18,tests_terraform_checks_data_aws_example_provider_edge_case_nesting_main.tf
19,tests_terraform_checks_resource_aws_example_ECSClusterLoggingEnabled_main.tf
20,tests_terraform_checks_data_aws_example_StarActionPolicyDocument_main.tf
21,tests_terraform_checks_data_aws_example_AdminPolicyDocument_main.tf
22,tests_terraform_checks_resource_aws_example_APIGatewayDeploymentCreateBeforeDestroy_main.tf
23,tests_terraform_checks_resource_aws_example_ALBDesyncMode_main.tf
24,tests_terraform_checks_resource_aws_example_AMIEncryption_main.tf
25,tests_terraform_checks_resource_aws_example_AppSyncFieldLevelLogs_main.tf
26,tests_terraform_checks_resource_aws_example_EC2PublicIP_main.tf
28,tests_terraform_checks_data_aws_example_provider_edge_case_nesting_2_main.tf
30,tests_terraform_checks_resource_aws_example_DLMScheduleCrossRegionEncryption_main.tf
31,tests_terraform_checks_resource_aws_example_DMSS3UsesCMK_main.tf
32,tests_terraform_checks_resource_aws_example_CodePipelineArtifactsEncrypted_main.tf
33,tests_terraform_checks_resource_aws_example_AutoScalingTagging_main.tf
34,tests_terraform_checks_resource_aws_example_AutoScalingGroupWithPublicAccess_main.tf
35,tests_terraform_checks_data_aws_example_provider_edge_case_main.tf
36,tests_terraform_checks_resource_aws_example_ELBv2AccessLogs_main.tf
37,tests_terraform_checks_data_aws_example_ModuleProvider_example_main.tf
38,tests_terraform_checks_resource_aws_example_DeprecatedLambdaRuntime_main.tf
39,tests_terraform_checks_resource_aws_example_ElasticCacheAutomaticBackup_main.tf
40,tests_terraform_checks_data_aws_example_CloudSplainingPrivilegeEscalation_main.tf
41,tests_terraform_checks_resource_aws_example_EC2PublicIP_foreach_module_main.tf
42,tests_terraform_checks_data_aws_example_ResourcePolicyDocument_main.tf
43,tests_terraform_checks_data_aws_example_CloudsplainingIAMWrite_main.tf
45,tests_terraform_checks_data_aws_example_IAMPublicActionsPolicy_public_actions.tf
