prompt,file,n_findings,chars,has_hcl,json_valid,corruption,seconds,error
p0_neutral,tests_terraform_checks_data_aws_example_CloudSplainingCredentialsExposure_main.tf,7,1628,False,,0,16.4,
p0_neutral,tests_terraform_checks_data_aws_example_module_with_one_provider_example_main.tf,7,3237,False,,0,16.6,
p0_neutral,tests_terraform_checks_data_aws_example_provider_with_nested_module_assign_provider_example_example2_main.tf,7,3617,True,,0,30.0,
p0_neutral,tests_terraform_checks_data_aws_example_provider_without_module_main.tf,14,2505,False,,0,19.0,
p0_neutral,tests_terraform_checks_example_WildcardEntities_main.tf,9,3710,True,,0,24.4,
p0_neutral,tests_terraform_checks_resource_aws_example_APIGatewayCacheEnable_main.tf,11,3372,True,,0,32.8,
p0_neutral,tests_terraform_checks_resource_aws_example_APIGatewayCreateBeforeDestroy_main.tf,2,1355,True,,0,15.7,
p0_neutral,tests_terraform_checks_resource_aws_example_APIGatewayMethodSettingsDataTrace_main.tf,7,1698,True,,0,11.4,
p0_neutral,tests_terraform_checks_resource_aws_example_AppFlowUsesCMK_main.tf,1,1228,True,,0,10.5,
p0_neutral,tests_terraform_checks_resource_aws_example_BatchJobIsNotPrivileged_main.tf,1,1222,False,,0,11.9,
p0_neutral,tests_terraform_checks_resource_aws_example_CloudWatchLogGroupKMSKey_main.tf,3,1323,True,,0,12.7,
p0_neutral,tests_terraform_checks_resource_aws_example_CloudWatchLogGroupRetentionYear_main.tf,5,1895,False,,0,18.9,
p0_neutral,tests_terraform_checks_resource_aws_example_CloudfrontDistributionDefaultRoot_main.tf,15,3373,False,,0,30.2,
p0_neutral,tests_terraform_checks_resource_aws_example_CloudfrontDistributionOriginFailover_main.tf,33,1930,True,,0,27.4,
p0_neutral,tests_terraform_checks_resource_aws_example_ConnectInstanceKinesisVideoStreamStorageConfigUsesCMK_main.tf,3,1331,True,,0,14.5,
p0_neutral,tests_terraform_checks_resource_aws_example_DBSnapshotCopyUsesCMK_main.tf,1,1273,True,,0,12.5,
p0_neutral,tests_terraform_checks_resource_aws_example_DLMEventsCrossRegionEncryptionWithCMK_main.tf,3,2084,True,,0,18.6,
p0_neutral,tests_terraform_checks_resource_aws_example_DMSReplicationInstanceEncryptedWithCMK_main.tf,5,2130,False,,0,14.1,
p0_neutral,tests_terraform_checks_resource_aws_example_DynamoDBTablesEncrypted_main.tf,11,2730,True,,0,26.5,
p0_neutral,tests_terraform_checks_resource_aws_example_EBSDefaultEncryption_main.tf,1,1290,True,,0,10.0,
p0_neutral,tests_terraform_checks_resource_aws_example_EBSEncryption_aws_ebs_volume.tf,5,1702,False,,0,17.7,
p0_neutral,tests_terraform_checks_resource_aws_example_ECRPolicy_main.tf,17,2607,True,,0,20.5,
p0_neutral,tests_terraform_checks_resource_aws_example_ECSContainerReadOnlyRoot_main.tf,4,2762,False,,0,19.3,
p0_neutral,tests_terraform_checks_resource_aws_example_EFSFileSystemEncryptedWithCMK_aws_efs_file_system.tf,1,1292,False,,0,10.3,
p0_neutral,tests_terraform_checks_resource_aws_example_EKSPublicAccess_main.tf,10,3309,False,,0,17.5,
p0_neutral,tests_terraform_checks_resource_aws_example_EMRClusterConfEncryptsLocalDisk_main.tf,10,2333,False,,0,15.6,
p0_neutral,tests_terraform_checks_resource_aws_example_ElastiCacheHasCustomSubnet_main.tf,2,1800,True,,0,9.7,
p0_neutral,tests_terraform_checks_resource_aws_example_ElasticBeanstalkUseEnhancedHealthChecks_main.tf,10,2725,True,,0,33.2,
p0_neutral,tests_terraform_checks_resource_aws_example_ElasticCacheAutomaticMinorUpgrades_main.tf,7,1984,False,,0,17.0,
p0_neutral,tests_terraform_checks_resource_aws_example_ElasticacheHasSecurityGroup_main.tf,4,1745,False,,0,20.9,
